{
  "api/rdt/applicants?page=1&per_page=50&sort_by=registration_at&sort_order=desc&status=approved" : {
    "transaction" : "api/rdt/applicants?page=1&per_page=50&sort_by=registration_at&sort_order=desc&status=approved",
    "sampleCount" : 100,
    "errorCount" : 4,
    "errorPct" : 4.0,
    "meanResTime" : 1319.1100000000004,
    "medianResTime" : 893.5,
    "minResTime" : 118.0,
    "maxResTime" : 9354.0,
    "pct1ResTime" : 2459.200000000005,
    "pct2ResTime" : 5391.8999999999905,
    "pct3ResTime" : 9344.949999999995,
    "throughput" : 1.0053282396702523,
    "receivedKBytesPerSec" : 121.70111944870312,
    "sentKBytesPerSec" : 2.508411769880366
  },
  "Total" : {
    "transaction" : "Total",
    "sampleCount" : 100,
    "errorCount" : 4,
    "errorPct" : 4.0,
    "meanResTime" : 1319.1100000000004,
    "medianResTime" : 893.5,
    "minResTime" : 118.0,
    "maxResTime" : 9354.0,
    "pct1ResTime" : 2459.200000000005,
    "pct2ResTime" : 5391.8999999999905,
    "pct3ResTime" : 9344.949999999995,
    "throughput" : 1.0053282396702523,
    "receivedKBytesPerSec" : 121.70111944870312,
    "sentKBytesPerSec" : 2.508411769880366
  }
}